Workbook

Sheet Inputs
A1: SYNTHETIC — fictional teaching example only; not a customer result, live product run, grant term, or submission-ready report.
A2: Input | B2: Value | C2: Synthetic marker
A3: Grant code | B3: SYN-2026-001 | C3: SYNTHETIC
A4: Period start | B4: 46204 | C4: SYNTHETIC
A5: Period end | B5: 46295 | C5: SYNTHETIC
A6: Variance explanation threshold | B6: 0.1 | C6: SYNTHETIC
A7: Overspend approval threshold | B7: 0.1 | C7: SYNTHETIC
A9: Account code | B9: Budget category | C9: Period budget USD
A10: 6100 | B10: Personnel | C10: 36000
A11: 6200 | B11: Participant support | C11: 12000
A12: 6300 | B12: Travel | C12: 6000
A13: 6400 | B13: Supplies | C13: 6000

Sheet Ledger
A1: SYNTHETIC — fictional teaching example only; not a customer result, live product run, grant term, or submission-ready report.
A2: Transaction ID | B2: Date | C2: Grant code | D2: Account code | E2: Amount USD | F2: Included? | G2: Exclusion reason | H2: Budget category
A3: SYN-T001 | B3: 46231 | C3: SYN-2026-001 | D3: 6100 | E3: 10800 | F3: =IF(C3<>Inputs!$B$3,"EXCLUDED",IF(OR(B3<Inputs!$B$4,B3>Inputs!$B$5),"EXCLUDED","INCLUDED")) | G3: =IF(C3<>Inputs!$B$3,"OTHER_GRANT",IF(B3<Inputs!$B$4,"OUTSIDE_PERIOD_BEFORE",IF(B3>Inputs!$B$5,"OUTSIDE_PERIOD_AFTER",""))) | H3: =IFERROR(VLOOKUP(D3,Inputs!$A$10:$C$13,2,FALSE),"UNMAPPED")
A4: SYN-T002 | B4: 46262 | C4: SYN-2026-001 | D4: 6100 | E4: 10800 | F4: =IF(C4<>Inputs!$B$3,"EXCLUDED",IF(OR(B4<Inputs!$B$4,B4>Inputs!$B$5),"EXCLUDED","INCLUDED")) | G4: =IF(C4<>Inputs!$B$3,"OTHER_GRANT",IF(B4<Inputs!$B$4,"OUTSIDE_PERIOD_BEFORE",IF(B4>Inputs!$B$5,"OUTSIDE_PERIOD_AFTER",""))) | H4: =IFERROR(VLOOKUP(D4,Inputs!$A$10:$C$13,2,FALSE),"UNMAPPED")
A5: SYN-T003 | B5: 46293 | C5: SYN-2026-001 | D5: 6100 | E5: 10800 | F5: =IF(C5<>Inputs!$B$3,"EXCLUDED",IF(OR(B5<Inputs!$B$4,B5>Inputs!$B$5),"EXCLUDED","INCLUDED")) | G5: =IF(C5<>Inputs!$B$3,"OTHER_GRANT",IF(B5<Inputs!$B$4,"OUTSIDE_PERIOD_BEFORE",IF(B5>Inputs!$B$5,"OUTSIDE_PERIOD_AFTER",""))) | H5: =IFERROR(VLOOKUP(D5,Inputs!$A$10:$C$13,2,FALSE),"UNMAPPED")
A6: SYN-T004 | B6: 46231 | C6: SYN-2026-001 | D6: 6200 | E6: 4000 | F6: =IF(C6<>Inputs!$B$3,"EXCLUDED",IF(OR(B6<Inputs!$B$4,B6>Inputs!$B$5),"EXCLUDED","INCLUDED")) | G6: =IF(C6<>Inputs!$B$3,"OTHER_GRANT",IF(B6<Inputs!$B$4,"OUTSIDE_PERIOD_BEFORE",IF(B6>Inputs!$B$5,"OUTSIDE_PERIOD_AFTER",""))) | H6: =IFERROR(VLOOKUP(D6,Inputs!$A$10:$C$13,2,FALSE),"UNMAPPED")
A7: SYN-T005 | B7: 46262 | C7: SYN-2026-001 | D7: 6200 | E7: 4800 | F7: =IF(C7<>Inputs!$B$3,"EXCLUDED",IF(OR(B7<Inputs!$B$4,B7>Inputs!$B$5),"EXCLUDED","INCLUDED")) | G7: =IF(C7<>Inputs!$B$3,"OTHER_GRANT",IF(B7<Inputs!$B$4,"OUTSIDE_PERIOD_BEFORE",IF(B7>Inputs!$B$5,"OUTSIDE_PERIOD_AFTER",""))) | H7: =IFERROR(VLOOKUP(D7,Inputs!$A$10:$C$13,2,FALSE),"UNMAPPED")
A8: SYN-T006 | B8: 46293 | C8: SYN-2026-001 | D8: 6200 | E8: 5000 | F8: =IF(C8<>Inputs!$B$3,"EXCLUDED",IF(OR(B8<Inputs!$B$4,B8>Inputs!$B$5),"EXCLUDED","INCLUDED")) | G8: =IF(C8<>Inputs!$B$3,"OTHER_GRANT",IF(B8<Inputs!$B$4,"OUTSIDE_PERIOD_BEFORE",IF(B8>Inputs!$B$5,"OUTSIDE_PERIOD_AFTER",""))) | H8: =IFERROR(VLOOKUP(D8,Inputs!$A$10:$C$13,2,FALSE),"UNMAPPED")
A9: SYN-T007 | B9: 46231 | C9: SYN-2026-001 | D9: 6300 | E9: 1200 | F9: =IF(C9<>Inputs!$B$3,"EXCLUDED",IF(OR(B9<Inputs!$B$4,B9>Inputs!$B$5),"EXCLUDED","INCLUDED")) | G9: =IF(C9<>Inputs!$B$3,"OTHER_GRANT",IF(B9<Inputs!$B$4,"OUTSIDE_PERIOD_BEFORE",IF(B9>Inputs!$B$5,"OUTSIDE_PERIOD_AFTER",""))) | H9: =IFERROR(VLOOKUP(D9,Inputs!$A$10:$C$13,2,FALSE),"UNMAPPED")
A10: SYN-T008 | B10: 46262 | C10: SYN-2026-001 | D10: 6300 | E10: 1400 | F10: =IF(C10<>Inputs!$B$3,"EXCLUDED",IF(OR(B10<Inputs!$B$4,B10>Inputs!$B$5),"EXCLUDED","INCLUDED")) | G10: =IF(C10<>Inputs!$B$3,"OTHER_GRANT",IF(B10<Inputs!$B$4,"OUTSIDE_PERIOD_BEFORE",IF(B10>Inputs!$B$5,"OUTSIDE_PERIOD_AFTER",""))) | H10: =IFERROR(VLOOKUP(D10,Inputs!$A$10:$C$13,2,FALSE),"UNMAPPED")
A11: SYN-T009 | B11: 46293 | C11: SYN-2026-001 | D11: 6300 | E11: 1600 | F11: =IF(C11<>Inputs!$B$3,"EXCLUDED",IF(OR(B11<Inputs!$B$4,B11>Inputs!$B$5),"EXCLUDED","INCLUDED")) | G11: =IF(C11<>Inputs!$B$3,"OTHER_GRANT",IF(B11<Inputs!$B$4,"OUTSIDE_PERIOD_BEFORE",IF(B11>Inputs!$B$5,"OUTSIDE_PERIOD_AFTER",""))) | H11: =IFERROR(VLOOKUP(D11,Inputs!$A$10:$C$13,2,FALSE),"UNMAPPED")
A12: SYN-T010 | B12: 46231 | C12: SYN-2026-001 | D12: 6400 | E12: 1500 | F12: =IF(C12<>Inputs!$B$3,"EXCLUDED",IF(OR(B12<Inputs!$B$4,B12>Inputs!$B$5),"EXCLUDED","INCLUDED")) | G12: =IF(C12<>Inputs!$B$3,"OTHER_GRANT",IF(B12<Inputs!$B$4,"OUTSIDE_PERIOD_BEFORE",IF(B12>Inputs!$B$5,"OUTSIDE_PERIOD_AFTER",""))) | H12: =IFERROR(VLOOKUP(D12,Inputs!$A$10:$C$13,2,FALSE),"UNMAPPED")
A13: SYN-T011 | B13: 46262 | C13: SYN-2026-001 | D13: 6400 | E13: 1700 | F13: =IF(C13<>Inputs!$B$3,"EXCLUDED",IF(OR(B13<Inputs!$B$4,B13>Inputs!$B$5),"EXCLUDED","INCLUDED")) | G13: =IF(C13<>Inputs!$B$3,"OTHER_GRANT",IF(B13<Inputs!$B$4,"OUTSIDE_PERIOD_BEFORE",IF(B13>Inputs!$B$5,"OUTSIDE_PERIOD_AFTER",""))) | H13: =IFERROR(VLOOKUP(D13,Inputs!$A$10:$C$13,2,FALSE),"UNMAPPED")
A14: SYN-T012 | B14: 46293 | C14: SYN-2026-001 | D14: 6400 | E14: 1800 | F14: =IF(C14<>Inputs!$B$3,"EXCLUDED",IF(OR(B14<Inputs!$B$4,B14>Inputs!$B$5),"EXCLUDED","INCLUDED")) | G14: =IF(C14<>Inputs!$B$3,"OTHER_GRANT",IF(B14<Inputs!$B$4,"OUTSIDE_PERIOD_BEFORE",IF(B14>Inputs!$B$5,"OUTSIDE_PERIOD_AFTER",""))) | H14: =IFERROR(VLOOKUP(D14,Inputs!$A$10:$C$13,2,FALSE),"UNMAPPED")
... A17: SYN-T015 | B17: 46295 | C17: SYN-2026-002 | D17: 6400 | E17: 800 | F17: =IF(C17<>Inputs!$B$3,"EXCLUDED",IF(OR(B17<Inputs!$B$4,B17>Inputs!$B$5),"EXCLUDED","INCLUDED")) | G17: =IF(C17<>Inputs!$B$3,"OTHER_GRANT",IF(B17<Inputs!$B$4,"OUTSIDE_PERIOD_BEFORE",IF(B17>Inputs!$B$5,"OUTSIDE_PERIOD_AFTER",""))) | H17: =IFERROR(VLOOKUP(D17,Inputs!$A$10:$C$13,2,FALSE),"UNMAPPED")

Sheet Budget vs Actual
A1: SYNTHETIC — fictional teaching example only; not a customer result, live product run, grant term, or submission-ready report.
A2: Budget category | B2: Budget USD | C2: Actual USD | D2: Actual minus budget | E2: Percentage | F2: Variance explanation | G2: Approval required
A3: Personnel | B3: =Inputs!$C$10 | C3: =SUMIFS(Ledger!$E$3:$E$17,Ledger!$H$3:$H$17,A3,Ledger!$F$3:$F$17,"INCLUDED") | D3: =C3-B3 | E3: =IF(B3=0,"undefined",D3/B3) | F3: =IF(OR(E3="undefined",ABS(E3)>=Inputs!$B$6),"EXPLAIN","") | G3: =IF(AND(E3<>"undefined",E3>Inputs!$B$7),"APPROVAL REQUIRED","")
A4: Participant support | B4: =Inputs!$C$11 | C4: =SUMIFS(Ledger!$E$3:$E$17,Ledger!$H$3:$H$17,A4,Ledger!$F$3:$F$17,"INCLUDED") | D4: =C4-B4 | E4: =IF(B4=0,"undefined",D4/B4) | F4: =IF(OR(E4="undefined",ABS(E4)>=Inputs!$B$6),"EXPLAIN","") | G4: =IF(AND(E4<>"undefined",E4>Inputs!$B$7),"APPROVAL REQUIRED","")
A5: Travel | B5: =Inputs!$C$12 | C5: =SUMIFS(Ledger!$E$3:$E$17,Ledger!$H$3:$H$17,A5,Ledger!$F$3:$F$17,"INCLUDED") | D5: =C5-B5 | E5: =IF(B5=0,"undefined",D5/B5) | F5: =IF(OR(E5="undefined",ABS(E5)>=Inputs!$B$6),"EXPLAIN","") | G5: =IF(AND(E5<>"undefined",E5>Inputs!$B$7),"APPROVAL REQUIRED","")
A6: Supplies | B6: =Inputs!$C$13 | C6: =SUMIFS(Ledger!$E$3:$E$17,Ledger!$H$3:$H$17,A6,Ledger!$F$3:$F$17,"INCLUDED") | D6: =C6-B6 | E6: =IF(B6=0,"undefined",D6/B6) | F6: =IF(OR(E6="undefined",ABS(E6)>=Inputs!$B$6),"EXPLAIN","") | G6: =IF(AND(E6<>"undefined",E6>Inputs!$B$7),"APPROVAL REQUIRED","")
A7: Total | B7: =SUM(B3:B6) | C7: =SUM(C3:C6) | D7: =C7-B7 | E7: =IF(B7=0,"undefined",D7/B7)
